part,geo_curved_area_frac,geo_cyl_area_frac,geo_plane_area_frac,geo_other_area_frac,geo_min_curv_radius_rel,geo_log_curv_radius_mean,geo_log_curv_radius_std,geo_n_faces,geo_n_edges,geo_face_area_cv,geo_aspect_max,geo_aspect_mid,geo_volume_frac,geo_area_over_v23,geo_min_face_size_rel,geo_n_inner_loops,geo_hole_spacing_min_rel,geo_hole_spacing_p10_rel,geo_feat_pair_dist_min_rel,geo_feat_pair_dist_p10_rel,geo_feat_pair_dist_mean_rel,geo_dihedral_p10,geo_dihedral_p50,geo_dihedral_p90,geo_singular_lambda_min
bossed_plate_s0,0.036173177989069126,0.036173177989069126,0.9638268220109308,0.0,0.060312208964345734,-1.219594764988545,0.0,8.0,30.0,1.3253257485611842,7.1056440640558005,3.1994165794907614,0.35931702199687215,13.416717143262114,0.10690060703547277,0.0,1.0,1.0,0.37773226748648314,0.37773226748648314,0.37773226748648314,1.5707963267948966,1.5707963267948966,1.5707963267948966,0.544483736782464
bossed_plate_s1,0.02251079298446685,0.02251079298446685,0.9774892070155332,0.0,0.04796973807013834,-1.3190326529121337,0.0,8.0,30.0,1.3678584553983233,10.462284353674578,3.6211718734710243,0.41556657837351724,14.18151369099254,0.0850241469693456,0.0,1.0,1.0,0.41659752925487276,0.41659752925487276,0.41659752925487276,1.5707963267948966,1.5707963267948966,1.5707963267948966,0.544483736782464
bossed_plate_s2,0.02637796826880715,0.02637796826880715,0.9736220317311928,0.0,0.043824501937500725,-1.3582830109335222,0.0,8.0,30.0,1.371458169657044,8.91080579003685,3.1413599796878438,0.349205811211055,14.398673308147693,0.07767690722313943,0.0,1.0,1.0,0.4344034557469733,0.4344034557469733,0.4344034557469733,1.5707963267948966,1.5707963267948966,1.5707963267948966,0.544483736782464
bossed_plate_s3,0.06481351761137254,0.06481351761137254,0.9351864823886273,0.0,0.05219607584821335,-1.2823621464523087,0.0,10.0,36.0,1.442094243870972,6.73402720815949,2.83131667692534,0.38738512121236357,12.671121671031196,0.09251513563932211,0.0,1.0,1.0,0.310714705735282,0.310714705735282,0.47890974553646165,1.5707963267948966,1.5707963267948966,1.5707963267948966,0.544483736782464
box_hole_s0,0.01341144284288367,0.01341144284288367,0.9865885571571162,0.0,0.04242386491680011,-1.3723897687383932,0.0,7.0,30.0,1.2563771987711285,19.64279385468783,9.567001411648901,0.9855322568107078,13.378273753910493,0.11039275164766153,1.0,1.0,1.0,0.04242386491680011,0.04242386491680011,0.04242386491680011,1.5707963267948966,1.5707963267948966,1.5707963267948966,1.0
box_hole_s1,0.012128179823537772,0.012128179823537772,0.9878718201764621,0.0,0.046626674258070114,-1.3313655603738974,0.0,7.0,30.0,1.3073987434470555,22.635234493325456,12.231422831971548,0.9836033456070452,14.803298000444391,0.10666621322205702,1.0,1.0,1.0,0.046626674258070114,0.046626674258070114,0.046626674258070114,1.5707963267948966,1.5707963267948966,1.5707963267948966,1.0
box_hole_s2,0.011956229812295466,0.011956229812295466,0.9880437701877045,0.0,0.03904618013278944,-1.408421446508716,0.0,7.0,30.0,1.2671417059173027,19.68335249632706,9.990839959418512,0.9880877729522308,13.514926229932888,0.10536939455372604,1.0,1.0,1.0,0.03904618013278944,0.03904618013278944,0.03904618013278944,1.5707963267948966,1.5707963267948966,1.5707963267948966,1.0
box_hole_s3,0.012582260340721007,0.012582260340721007,0.9874177396592789,0.0,0.03993829174925919,-1.398610514821757,0.0,7.0,30.0,1.2557414792342465,18.380226181546366,9.74586898370204,0.9878533132226075,13.179006891960944,0.10976313834980142,1.0,1.0,1.0,0.03993829174925919,0.03993829174925919,0.03993829174925919,1.5707963267948966,1.5707963267948966,1.5707963267948966,1.0
channel_s0,0.0,0.0,1.0,0.0,1.0,0.0,0.0,10.0,48.0,0.660610595477097,5.814943360852367,1.4670173812719942,0.48383299570557126,15.130761554939712,0.1385691619725195,0.0,1.0,1.0,1.0,1.0,1.0,1.5707963267948966,1.5707963267948966,1.5707963267948966,0.544483736782464
channel_s1,0.0,0.0,1.0,0.0,1.0,0.0,0.0,10.0,48.0,0.8075181229947751,8.058680008036317,2.1917354672639453,0.3929774380280735,18.10615524120983,0.11033853360139077,0.0,1.0,1.0,1.0,1.0,1.0,1.5707963267948966,1.5707963267948966,1.5707963267948966,0.544483736782464
channel_s2,0.0,0.0,1.0,0.0,1.0,0.0,0.0,10.0,48.0,0.7559503180052842,7.36445870436677,1.8252984301490556,0.3862693032140462,18.25847368627433,0.10972001822015298,0.0,1.0,1.0,1.0,1.0,1.0,1.5707963267948966,1.5707963267948966,1.5707963267948966,0.544483736782464
channel_s3,0.0,0.0,1.0,0.0,1.0,0.0,0.0,10.0,48.0,0.796216861560029,7.57258294111516,2.0387095278371357,0.43842306698553385,16.422984786201628,0.11958680623811727,0.0,1.0,1.0,1.0,1.0,1.0,1.5707963267948966,1.5707963267948966,1.5707963267948966,0.544483736782464
ellipsoid_boss_s0,0.0791716925259895,0.0,0.9208283074740105,0.0791716925259895,1.0,0.0,0.0,8.0,34.0,0.5393143680780138,2.3473331135706945,1.0,0.8739323384663246,6.372943761837857,0.23280749988289384,0.0,1.0,1.0,1.0,1.0,1.0,1.5707963267948966,1.5707963267948966,1.5707963267948966,0.5444837367824631
ellipsoid_boss_s1,0.05839918512799585,0.0,0.9416008148720042,0.05839918512799585,1.0,0.0,0.0,8.0,34.0,0.6192704862312873,2.7430384894583457,1.0,0.908712822030642,6.559992183233841,0.1922181137178846,0.0,1.0,1.0,1.0,1.0,1.0,1.570796326794883,1.5707963267948966,1.5707963267948966,0.5444837367824449
ellipsoid_boss_s2,0.05372141151892521,0.0,0.9462785884810748,0.05372141151892521,1.0,0.0,0.0,8.0,34.0,0.5951920143920596,2.4575872246695374,1.0,0.8993661311142026,6.467551754001292,0.19141224280663763,0.0,1.0,1.0,1.0,1.0,1.0,1.570796326794846,1.5707963267948966,1.5707963267948966,0.5444837367824442
ellipsoid_boss_s3,0.07124015174101607,0.0,0.928759848258984,0.07124015174101607,1.0,0.0,0.0,8.0,34.0,0.5419624436691962,2.293422558160213,1.0,0.870503079846061,6.377613919572464,0.22266595950846926,0.0,1.0,1.0,1.0,1.0,1.0,1.5707963267948966,1.5707963267948966,1.5707963267948966,0.5444837367824584
gusset_bracket_s0,0.0,0.0,1.0,0.0,1.0,0.0,0.0,20.0,92.0,0.8081293691991992,3.9185239726454792,2.5742821732598875,0.2559761895180102,11.568244527819285,0.06798849081364727,0.0,1.0,1.0,0.10429721221622092,0.10429721221622092,0.4270868146634451,1.5707963267948966,1.5707963267948966,1.5707963267948966,0.544483736782464
gusset_bracket_s1,0.0,0.0,1.0,0.0,1.0,0.0,0.0,20.0,92.0,0.7031055934463153,4.261983734792697,2.4999535021901154,0.34318680952823555,10.848884085372188,0.08310311644592808,0.0,1.0,1.0,0.09918090688058184,0.09918090688058184,0.43728376224738774,1.5707963267948966,1.5707963267948966,1.5707963267948966,0.544483736782464
gusset_bracket_s2,0.0,0.0,1.0,0.0,1.0,0.0,0.0,20.0,92.0,0.7764798470560245,4.915618170770003,3.013774267719563,0.2678942622765986,12.687981800588563,0.06176281578275648,0.0,1.0,1.0,0.08544020201328567,0.08544020201328567,0.437176315355262,1.5707963267948966,1.5707963267948966,1.5707963267948966,0.544483736782464
gusset_bracket_s3,0.0,0.0,1.0,0.0,1.0,0.0,0.0,20.0,92.0,0.8804143503456336,3.6113571473587105,2.5787167777864517,0.22852535525994075,12.229970447172391,0.06745005204371021,0.0,1.0,1.0,0.10991862706273137,0.10991862706273137,0.42005302883655693,1.5707963267948966,1.5707963267948966,1.5707963267948966,0.544483736782464
l_bracket_s0,0.0,0.0,1.0,0.0,1.0,0.0,0.0,14.0,56.0,0.9325988220490522,4.183161678051977,2.8177087513285612,0.2037493498725838,10.485813361552399,0.07035201395349312,0.0,1.0,1.0,0.8104448285101833,0.8104448285101833,0.8104448285101833,1.5707963267948966,1.5707963267948966,1.5707963267948966,0.544483736782464
l_bracket_s1,0.0,0.0,1.0,0.0,1.0,0.0,0.0,14.0,56.0,0.9390239110069065,4.417620009993509,2.8647035548037887,0.20152408698284688,10.535007541084662,0.06883340934490757,0.0,1.0,1.0,0.8201553336613656,0.8201553336613656,0.8201553336613656,1.5707963267948966,1.5707963267948966,1.5707963267948966,0.544483736782464
l_bracket_s2,0.0,0.0,1.0,0.0,1.0,0.0,0.0,14.0,56.0,0.82495799165834,5.4038472665464194,3.2291487240678327,0.2500225996612631,9.734641644074488,0.08456559048353675,0.0,1.0,1.0,0.47825637967038576,0.47825637967038576,0.7424512761786312,1.5707963267948966,1.5707963267948966,1.5707963267948966,0.544483736782464
l_bracket_s3,0.0,0.0,1.0,0.0,1.0,0.0,0.0,14.0,56.0,0.9079355819507231,4.668451938506881,3.3849331698084075,0.1887879448678067,10.651314730894379,0.06651069262765319,0.0,1.0,1.0,0.557211544593339,0.557211544593339,0.7575251230109005,1.5707963267948966,1.5707963267948966,1.5707963267948966,0.544483736782464
lobed_shaft_s0,0.8932582196813518,0.0,0.1067417803186483,0.8932582196813518,1.0,0.0,0.0,3.0,6.0,1.1877800522753723,4.310913815268098,1.086200653216566,0.7773141543401421,6.685910343393628,0.20165282102462095,0.0,1.0,1.0,1.0,1.0,1.0,1.5707963267948966,1.5707963267948966,1.5707963267948966,1.0
lobed_shaft_s1,0.8883549134515057,0.0,0.11164508654849421,0.8883549134515057,1.0,0.0,0.0,3.0,6.0,1.1773785690192973,4.381490281319484,1.2868273877456304,0.763271386654251,6.6493569686639935,0.2119868966207756,0.0,1.0,1.0,1.0,1.0,1.0,1.5707963267948966,1.5707963267948966,1.5707963267948966,1.0
lobed_shaft_s2,0.9094841255949756,0.0,0.09051587440502448,0.9094841255949756,1.0,0.0,0.0,3.0,6.0,1.2222003965826274,5.521745834917071,1.2776156821526417,0.7712325822306744,7.035975450141608,0.17245352230309297,0.0,1.0,1.0,0.9594401296971505,0.9594401296971505,0.9594401296971505,1.5707963267948966,1.5707963267948966,1.5707963267948966,1.0
lobed_shaft_s3,0.8962261782690594,0.0,0.10377382173094059,0.8962261782690594,1.0,0.0,0.0,3.0,6.0,1.1940760432063189,4.368245188864341,1.0514108510459002,0.7755437820721938,6.738147806388574,0.19618210316493748,0.0,1.0,1.0,1.0,1.0,1.0,1.5707963267948966,1.5707963267948966,1.5707963267948966,1.0
multi_hole_plate_s0,0.03487803355419988,0.03487803355419988,0.9651219664458004,0.0,0.030026562471753223,-1.4853881782833664,0.04695667976590137,9.0,42.0,1.4285896567214933,17.087341992365907,8.142345025370393,0.9738975915156639,12.62604530930148,0.09976394453666358,3.0,0.0836163546608775,0.0836163546608775,0.07614268542467648,0.07614268542467648,0.4248143929442966,1.5707963267948966,1.5707963267948966,1.5707963267948966,1.0
multi_hole_plate_s1,0.05070442394162855,0.05070442394162855,0.9492955760583712,0.0,0.03462412205391639,-1.3990738768836184,0.05426429598081231,10.0,48.0,1.5365772840462466,18.83048055614008,9.39054992806719,0.9497776110540943,13.577461258708567,0.10162092873709362,4.0,0.09479719721620829,0.09479719721620829,0.0028566528275608414,0.0028566528275608414,0.23331776610294994,1.5707963267948966,1.5707963267948966,1.5707963267948966,1.0
multi_hole_plate_s2,0.03920628797962605,0.03920628797962605,0.960793712020374,0.0,0.01995181659375453,-1.541073341480889,0.11938205293898024,10.0,48.0,1.5340830054896362,17.19531959989582,8.190369313399353,0.9732229612688691,12.720617235301546,0.08107252110304293,4.0,0.06590995224138574,0.06590995224138574,0.05049512836775589,0.19335968537309703,0.4171863672932409,1.5707963267948966,1.5707963267948966,1.5707963267948966,1.0
multi_hole_plate_s3,0.031373488507004006,0.031373488507004006,0.9686265114929962,0.0,0.025547280883418122,-1.5219962223293872,0.08245911264809468,9.0,42.0,1.4484661937133119,19.62805822380243,8.090504384415715,0.9757446302550188,13.074116826203134,0.08690473512174203,3.0,0.07484728990640445,0.07484728990640445,0.06287710435005874,0.06287710435005874,0.43252079258386983,1.5707963267948966,1.5707963267948966,1.5707963267948966,1.0
perforated_plate_s0,0.02806294341673856,0.02806294341673856,0.9719370565832616,0.0,0.025558362154191435,-1.592466980333183,2.220446049250313e-16,9.0,42.0,1.4487634414994923,19.856717298048114,7.711932915675661,0.9816399268226667,12.948402559467922,0.0867752270727153,3.0,0.23278414109377957,0.23278414109377957,0.20722577893958813,0.20722577893958813,0.46556828218755913,1.5707963267948966,1.5707963267948966,1.5707963267948966,1.0
perforated_plate_s1,0.029824215416321007,0.029824215416321007,0.9701757845836787,0.0,0.022538042994267236,-1.6470837969717835,0.0,10.0,48.0,1.5993064207204504,25.238577052945296,8.577314883434806,0.9789708123551936,14.252225922968142,0.07285957179310837,4.0,0.18922981461674598,0.18922981461674598,0.07207686431410576,0.07207686431410576,0.26492174046344447,1.5707963267948966,1.5707963267948966,1.5707963267948966,1.0
perforated_plate_s2,0.034692178403309855,0.034692178403309855,0.9653078215966899,0.0,0.03057716422224401,-1.514602794258498,0.0,10.0,48.0,1.6266192326801208,27.279541417547023,10.439382979151123,0.9647333814409894,15.318516316285825,0.08107726586742016,4.0,0.18668032660778078,0.18668032660778078,0.06276299908164638,0.06276299908164638,0.2613524572508931,1.5707963267948966,1.5707963267948966,1.5707963267948966,1.0
perforated_plate_s3,0.041647469581775065,0.041647469581775065,0.9583525304182248,0.0,0.03048357256939268,-1.5159341365367704,0.0,10.0,48.0,1.5514988873178934,21.54487871820662,8.36662700904818,0.9653175724203282,13.6537908275154,0.09099027529750443,4.0,0.18626144662962613,0.18626144662962613,0.15577787406023338,0.18626144662962613,0.4346100421357943,1.5707963267948966,1.5707963267948966,1.5707963267948966,1.0
plate_notch_s0,0.02042998103697491,0.02042998103697491,0.9795700189630252,0.0,0.04597201880998961,-1.3375064242725903,0.0,10.0,48.0,1.5143639397116,13.751201839288804,6.402669173086638,0.982517738206456,10.987894431889444,0.09746902277048795,2.0,0.4211798986125375,0.4211798986125375,1.0,1.0,1.0,1.5707963267948966,1.5707963267948966,1.5707963267948966,1.0
plate_notch_s1,0.032813914531992484,0.032813914531992484,0.9671860854680074,0.0,0.06344149918706228,-1.1976265627494773,2.220446049250313e-16,10.0,48.0,1.4286860919558093,11.8107361698225,5.3338280520960195,0.9660661161565951,10.20489481733315,0.1238289512348869,2.0,0.41036190454609117,0.41036190454609117,1.0,1.0,1.0,1.5707963267948966,1.5707963267948966,1.5707963267948966,1.0
plate_notch_s2,0.022994814350256954,0.022994814350256954,0.977005185649743,0.0,0.05160218145477328,-1.2873319384164903,0.0,10.0,48.0,1.5081846056866186,13.322058909349755,6.436949610688243,0.9785326255381943,10.909017196768007,0.10455488184600598,2.0,0.4340654799418891,0.4340654799418891,1.0,1.0,1.0,1.5707963267948966,1.5707963267948966,1.5707963267948966,1.0
plate_notch_s3,0.01755019471886017,0.01755019471886017,0.9824498052811398,0.0,0.04942501517629484,-1.3060531886611266,2.220446049250313e-16,10.0,48.0,1.6045167593049812,16.4398549900338,8.56714228964982,0.9812095055560041,12.289728345419421,0.09145284975203188,2.0,0.4614632296147155,0.4614632296147155,1.0,1.0,1.0,1.5707963267948966,1.5707963267948966,1.5707963267948966,1.0
ribbed_plate_s0,0.0,0.0,1.0,0.0,1.0,0.0,0.0,11.0,48.0,1.3743344074662893,6.801005363972004,2.7939942440612944,0.3767853145549338,13.886202869900462,0.06421573909309913,0.0,1.0,1.0,0.1038660478858132,0.1038660478858132,0.1038660478858132,1.5707963267948966,1.5707963267948966,1.5707963267948966,0.544483736782464
ribbed_plate_s1,0.0,0.0,1.0,0.0,1.0,0.0,0.0,21.0,96.0,1.6580202711332237,8.635844568080257,3.6336725409271824,0.4968979406723077,15.750054144405423,0.05101341176648384,0.0,1.0,1.0,0.06017985757632042,0.06017985757632042,0.11218712495840932,1.5707963267948966,1.5707963267948966,1.5707963267948966,0.544483736782464
ribbed_plate_s2,0.0,0.0,1.0,0.0,1.0,0.0,0.0,16.0,72.0,1.4513379734633505,7.724622741399975,2.811975453814047,0.43554465314528096,15.001967478887389,0.05816637889737374,0.0,1.0,1.0,0.10981116449547763,0.10981116449547763,0.11093673733414453,1.5707963267948966,1.5707963267948966,1.5707963267948966,0.544483736782464
ribbed_plate_s3,0.0,0.0,1.0,0.0,1.0,0.0,0.0,11.0,48.0,1.4006221880858536,8.895109509310387,3.0306177342883314,0.4036366413363621,14.547917894806453,0.056735924248524125,0.0,1.0,1.0,0.08243571295723968,0.08243571295723968,0.08243571295723968,1.5707963267948966,1.5707963267948966,1.5707963267948966,0.544483736782464
sphere_box_s0,0.10047056629479185,0.0,0.8995294337052082,0.10047056629479185,0.14978079232494654,-0.8245438763704142,0.0,8.0,34.0,0.5107847459086902,2.248755707018537,1.0,0.8817178076053245,6.273156259047075,0.2654795421480396,0.0,1.0,1.0,1.0,1.0,1.0,1.5707963267948966,1.5707963267948966,1.5707963267948966,0.5444837367824544
sphere_box_s1,0.08631728846432156,0.0,0.9136827115356784,0.08631728846432156,0.14206878005623458,-0.8475013488069838,0.0,8.0,34.0,0.5054336011971181,2.0787245818856324,1.0,0.8740784144737659,6.236968182120693,0.25181035630412996,0.0,1.0,1.0,1.0,1.0,1.0,1.5707963267948966,1.5707963267948966,1.5707963267948966,0.5444837367824544
sphere_box_s2,0.08711384721806224,0.0,0.9128861527819379,0.08711384721806224,0.1399794014646963,-0.8539358678102831,0.0,8.0,34.0,0.52585467735545,2.2364444882457453,1.0,0.8819664265513065,6.291439013997581,0.24810702917355837,0.0,1.0,1.0,1.0,1.0,1.0,1.5707963267948966,1.5707963267948966,1.5707963267948966,0.5444837367824544
sphere_box_s3,0.07889593613449919,0.0,0.9211040638655008,0.07889593613449919,0.12521065748691357,-0.9023587039469014,0.0,8.0,34.0,0.5944561299079276,2.74435804600717,1.0,0.9032237995088216,6.497481213273198,0.22193011203709886,0.0,1.0,1.0,1.0,1.0,1.0,1.5707963267948966,1.5707963267948966,1.5707963267948966,0.5444837367824544
stepped_shaft_s0,0.935632867402526,0.935632867402526,0.06436713259747412,0.0,0.0349341243584418,-1.329667454283717,0.09776451349252085,5.0,12.0,1.1577170787833584,8.87083620075012,1.0,0.5543488757722975,8.438492643408981,0.06191912324713236,0.0,1.0,1.0,0.4793734277170336,0.4793734277170336,0.6584957797583223,1.5707963267948966,1.5707963267948966,1.5707963267948966,0.544483736782464
stepped_shaft_s1,0.9402412439020974,0.9402412439020974,0.059758756097902654,0.0,0.040286059615027625,-1.3309266638846156,0.06305870996301019,5.0,12.0,1.1032980948612325,9.174454259468906,1.0,0.5897162428487157,8.528830698581519,0.06336778684993906,0.0,1.0,1.0,0.429524302910361,0.429524302910361,0.6589462604552411,1.5707963267948966,1.5707963267948966,1.5707963267948966,0.544483736782464
stepped_shaft_s2,0.9327906442762444,0.9327906442762444,0.06720935572375565,0.0,0.037791470892404436,-1.3189341799355239,0.09135377768033537,5.0,12.0,1.103725779361019,8.541396794685985,1.0,0.5416871171091932,8.417151236954597,0.06698363811462596,0.0,1.0,1.0,0.451300196759324,0.451300196759324,0.6578468548920483,1.5707963267948966,1.5707963267948966,1.5707963267948966,0.544483736782464
stepped_shaft_s3,0.9354278285113381,0.9354278285113381,0.06457217148866211,0.0,0.04029464658097955,-1.3050769413057728,0.07675513432383926,5.0,12.0,1.116910656732386,8.560556319192072,1.0,0.5800250779318142,8.358045520798978,0.07142040150333401,0.0,1.0,1.0,0.4818998033211806,0.4818998033211806,0.6578527553486538,1.5707963267948966,1.5707963267948966,1.5707963267948966,0.544483736782464
tube_s0,0.9789892308862943,0.9789892308862943,0.0210107691137057,0.0,0.05834978750055914,-1.1573292667111224,0.06574849175666626,4.0,12.0,0.9808160756680605,6.14724252421985,1.0,0.35977911725775547,20.175048090722697,0.09509100154211607,1.0,1.0,1.0,0.9745398928099888,0.9745398928099888,0.9745398928099888,1.5707963267948966,1.5707963267948966,1.5707963267948966,1.0
tube_s1,0.985926061057537,0.985926061057537,0.014073938942462982,0.0,0.059773370914424036,-1.1731449491071835,0.0453310008602983,4.0,12.0,0.9827284215684977,6.631920278565513,1.0,0.26925322127349155,25.99615762001544,0.07652179627209486,1.0,1.0,1.0,0.9780091398598393,0.9780091398598393,0.9780091398598393,1.5707963267948966,1.5707963267948966,1.5707963267948966,1.0
tube_s2,0.9841273168827265,0.9841273168827265,0.0158726831172735,0.0,0.055134475169776855,-1.1969993879838001,0.05428775519022183,4.0,12.0,0.9838416644700504,6.905315375300282,1.0,0.31091939454054546,23.54002772709575,0.07910765947074985,1.0,1.0,1.0,0.9796649147378443,0.9796649147378443,0.9796649147378443,1.5707963267948966,1.5707963267948966,1.5707963267948966,1.0
tube_s3,0.9758510364062681,0.9758510364062681,0.02414896359373166,0.0,0.06938393960036857,-1.085113184594372,0.06350933422166101,4.0,12.0,0.9730176783373102,5.171806063034297,1.0,0.3506142182945384,19.5275045698253,0.11043690984435588,1.0,1.0,1.0,0.9645869282697042,0.9645869282697042,0.9645869282697042,1.5707963267948966,1.5707963267948966,1.5707963267948966,1.0
twisted_loft_s0,0.8493751457086943,0.0,0.1506248542913057,0.8493751457086943,1.0,0.0,0.0,3.0,6.0,1.0947025903560843,3.712228335748867,1.0019934372355308,0.4124554100953179,7.475171185784671,0.21469132641575867,0.0,1.0,1.0,1.0,1.0,1.0,1.3814729155429708,1.3814729155429708,1.3814729155429708,1.0
twisted_loft_s1,0.8675801796052117,0.0,0.1324198203947883,0.8675801796052117,1.0,0.0,0.0,3.0,6.0,1.1334314641101764,3.83953330036368,1.021266187849943,0.45541242553057515,7.323813197522701,0.19531750063225053,0.0,1.0,1.0,1.0,1.0,1.0,1.4588235908157838,1.4588235908157838,1.4588235908157838,1.0
twisted_loft_s2,0.8574212878148652,0.0,0.14257871218513482,0.8574212878148652,1.0,0.0,0.0,3.0,6.0,1.1117607602106587,3.734576549148401,1.0126495271420592,0.4739596150624155,7.275130147361034,0.2174620098523176,0.0,1.0,1.0,1.0,1.0,1.0,1.4400158994056402,1.4400158994056402,1.4400158994056402,1.0
twisted_loft_s3,0.8654611497476931,0.0,0.13453885025230686,0.8654611497476931,1.0,0.0,0.0,3.0,6.0,1.1292282266570288,3.7188732678469627,1.010155938899465,0.41437649296068224,7.33731276234596,0.18454953516977307,0.0,1.0,1.0,1.0,1.0,1.0,1.4288302570488884,1.4288302570488884,1.4288302570488884,1.0
